<?xml version="1.0" encoding="UTF-8"?>

<beans  
    xmlns="http://www.springframework.org/schema/beans"  
    xmlns:xsi="http://www.w3.org/2001/XMLSchema-instance"  
    xmlns:p="http://www.springframework.org/schema/p"  
    xsi:schemaLocation="http://www.springframework.org/schema/beans  
               http://www.springframework.org/schema/beans/spring-beans-3.0.xsd"> 
               
    <bean id="idSumDao" class="com.java.flowproject.dao.Impl.SumDaoImpl">
  </bean>
  
  <bean id="idSumService" class="com.java.flowproject.service.Impl.SumServiceImpl">
  <property name="sumDao" ref="idSumDao"></property>
  </bean>
  
  <bean id="idSumController" class="com.java.flowproject.Controller.SumController">
  <property name="sumService" ref="idSumService"></property>
  </bean>         
               
               
</beans>