<?xml version="1.0" encoding="UTF-8"?>

<beans  
    xmlns="http://www.springframework.org/schema/beans"  
    xmlns:xsi="http://www.w3.org/2001/XMLSchema-instance"  
    xmlns:p="http://www.springframework.org/schema/p"  
    xsi:schemaLocation="http://www.springframework.org/schema/beans  
               http://www.springframework.org/schema/beans/spring-beans-3.0.xsd">
               
<bean id ="idDataSource" class="org.springframework.jdbc.datasource.DriverManagerDataSource">
<property name="DriverClassName" value="oracle.jdbc.driver.OracleDriver"></property>
<property name="url" value="jdbc:oracle:thin:@localhost:1521:xe"></property>
<property name="username" value="system"></property>
<property name="password" value="1234"></property>
</bean>
               
<bean id ="idjdbcTemplate" class="org.springframework.jdbc.core.JdbcTemplate">
<property name="dataSource" ref="idDataSource"></property>
</bean>

<bean id ="idSumDao" class="com.java.flowproject.dao.impl.SumDaoImpl">
<property name="jdbcTemplate" ref="idjdbcTemplate"></property>
</bean>

<bean id ="idSumService" class="com.java.flowproject.service.impl.SumServiceImpl">
<property name="SumDao" ref="idSumDao"></property>
</bean>

<bean id ="idSumController" class="com.java.flowproject.controller.SumController">
<property name="sumService" ref="idSumService"></property>
</bean>


</beans>